day_of_week,avg_amt_rentals
,169.4000000000000000
1,163.8000000000000000
2,85.9090909090909091
3,160.4000000000000000
4,155.4000000000000000
5,173.6000000000000000
6,171.8000000000000000
